<?xml version="1.0"?>
<doc>
    <assembly>
        <name>Po.Forms</name>
    </assembly>
    <members>
        <member name="T:Po.Forms.NumericBox">
            <summary>
            <see cref="T:System.Windows.Forms.NumericUpDown"/> class with added cue text functionality and other features.
            </summary>
        </member>
        <member name="M:Po.Forms.NumericBox.#ctor">
            <summary>
            Initializes a new instance of <see cref="T:Po.Forms.NumericBox"/> class.
            </summary>
        </member>
        <member name="P:Po.Forms.NumericBox.CueText">
            <summary>
            Cue text.
            </summary>
        </member>
        <member name="M:Po.Forms.NumericBox.WndProc(System.Windows.Forms.Message@)">
            <summary>
            Processes Windows messages.
            </summary>
        </member>
        <member name="T:Po.Forms.PropertyGrid.SortedCategoryAttribute">
            <summary>
            <see cref="T:System.ComponentModel.CategoryAttribute"/> with the added functionality of sorting.
            </summary>
        </member>
        <member name="M:Po.Forms.PropertyGrid.SortedCategoryAttribute.#ctor(System.String,System.UInt16)">
            <param name="category">Category name.</param>
            <param name="categoryPosition">Position from end.</param>
        </member>
        <member name="T:Po.Forms.Threading.AbortableBackgroundWorker">
            <summary>
            An abortable background worker.
            </summary>
        </member>
        <member name="T:Po.Forms.Threading.ThreadService">
            <summary>
            Provides easy usage of <see cref="T:Po.Forms.Threading.AbortableBackgroundWorker"/>.
            </summary>
        </member>
        <member name="M:Po.Forms.Threading.ThreadService.OnMessageCall(System.String)">
            <summary>
            Calls all MessageCall events.
            </summary>
            <param name="message">Message call event args.</param>
        </member>
        <member name="E:Po.Forms.Threading.ThreadService.MessageCall">
            <summary>
            Events to be called on message calls.
            </summary>
        </member>
        <member name="E:Po.Forms.Threading.ThreadService.ThreadStarted">
            <summary>
            Events to be called when the thread is started.
            </summary>
        </member>
        <member name="E:Po.Forms.Threading.ThreadService.ThreadCompleted">
            <summary>
            Events to be called when the thread is completed
            </summary>
        </member>
        <member name="E:Po.Forms.Threading.ThreadService.Update">
            <summary>
            Events to be called when thread update is called.
            </summary>
        </member>
        <member name="T:Po.Forms.Threading.ThreadService.MessageCallEventArgs">
            <summary>
            Event args for the <see cref="E:Po.Forms.Threading.ThreadService.MessageCall"/> event.
            </summary>
        </member>
        <member name="M:Po.Forms.Threading.ThreadService.MessageCallEventArgs.#ctor(System.String)">
            <summary>
            Initializes a new instance of the <see cref="T:Po.Forms.Threading.ThreadService.MessageCallEventArgs"/> class.
            </summary>
            <param name="message"><see cref="F:Po.Forms.Threading.ThreadService.MessageCallEventArgs.Message"/> value.</param>
        </member>
        <member name="F:Po.Forms.Threading.ThreadService.MessageCallEventArgs.Message">
            <summary>
            Message to be called.
            </summary>
        </member>
        <member name="M:Po.Forms.Threading.ThreadService.Dispose">
            <summary>
            Releases all resources used by the <see cref="T:Po.Forms.Threading.ThreadService"/>.
            </summary>
        </member>
        <member name="M:Po.Forms.Threading.ThreadService.Dispose(System.Boolean)">
            <summary>
            Releases the unmanaged resources used by the <see cref="T:Po.Forms.Threading.ThreadService"/> and optionally releases the managed resources.
            </summary>
            <param name="disposing">True to release both managed and unmanaged resources. False to release only unmanaged resources.</param>
        </member>
        <member name="M:Po.Forms.Threading.ThreadService.#ctor(System.String)">
            <summary>
            Initializes a new instance of the <see cref="T:Po.Forms.Threading.ThreadService"/> class.
            </summary>
            <param name="name"><see cref="P:Po.Forms.Threading.ThreadService.Name"/> value.</param>
        </member>
        <member name="P:Po.Forms.Threading.ThreadService.Name">
            <summary>
            Name of this listener's instance.
            </summary>
        </member>
        <member name="F:Po.Forms.Threading.ThreadService._doCancel">
            <summary>
            Breaks thread loop when set to true.
            </summary>
        </member>
        <member name="P:Po.Forms.Threading.ThreadService.UpdateInterval">
            <summary>
            Update interval in milliseconds. Default: 100ms.
            </summary>
        </member>
        <member name="P:Po.Forms.Threading.ThreadService.StartDelay">
            <summary>
            Start delay in milliseconds. Default: 0ms.
            </summary>
        </member>
        <member name="P:Po.Forms.Threading.ThreadService.DisableThreadSleep">
            <summary>
            True will disable thread sleep between updates. 
            WARNING: setting this without manually managing thread sleep will result in overloaded CPU.
            </summary>
        </member>
        <member name="M:Po.Forms.Threading.ThreadService.Loop">
            <summary>
            The thread loop.
            </summary>
        </member>
        <member name="P:Po.Forms.Threading.ThreadService.IsRunning">
            <summary>
            Returns whether the listener is running.
            </summary>
        </member>
        <member name="M:Po.Forms.Threading.ThreadService.Stop">
            <summary>
            Stops the listener.
            </summary>
        </member>
        <member name="M:Po.Forms.Threading.ThreadService.Start">
            <summary>
            Triggers the listener.
            </summary>
        </member>
        <member name="T:Po.Forms.BetterButton">
            <summary>
            <see cref="T:System.Windows.Forms.Button"/> class with better functionality.
            </summary>
        </member>
        <member name="M:Po.Forms.BetterButton.#ctor">
            <summary>
            Initializes a new instance of the <see cref="T:Po.Forms.BetterButton"/> class
            </summary>
        </member>
        <member name="T:Po.Forms.Charting.ChartCollection">
            <summary>
            <see cref="T:Po.Forms.Charting.ZoomableChart"/> collection.
            </summary>
        </member>
        <member name="F:Po.Forms.Charting.ChartCollection.MinYValues">
            <summary>
            Minimum values of yAxes. Call <see cref="M:Po.Forms.Charting.ChartCollection.UpdateCharts"/> to take effect.
            </summary>
        </member>
        <member name="F:Po.Forms.Charting.ChartCollection.MaxYValues">
            <summary>
            Maximum values of yAxes. Must call <see cref="M:Po.Forms.Charting.ChartCollection.UpdateCharts"/> to take effect.
            </summary>
        </member>
        <member name="F:Po.Forms.Charting.ChartCollection.MinXValues">
            <summary>
            Minimum values of xAxis. Must call <see cref="M:Po.Forms.Charting.ChartCollection.UpdateCharts"/> to take effect.
            </summary>
        </member>
        <member name="F:Po.Forms.Charting.ChartCollection.MaxXValues">
            <summary>
            Maximum values of xAxis. Must call <see cref="M:Po.Forms.Charting.ChartCollection.UpdateCharts"/> to take effect.
            </summary>
        </member>
        <member name="M:Po.Forms.Charting.ChartCollection.SetXBoundsGlobal(System.Double,System.Double)">
            <summary>
            Sets the specified X values for all charts in <see cref="T:Po.Forms.Charting.ChartCollection"/>. Call <see cref="M:Po.Forms.Charting.ChartCollection.UpdateCharts"/> to take effect.
            </summary>
            <param name="minXValue">Default to keep min bounds.</param>
            <param name="maxXValue">Default to keep max bounds.</param>
        </member>
        <member name="M:Po.Forms.Charting.ChartCollection.ResetBounds">
            <summary>
            Resets charts' limits.
            </summary>
        </member>
        <member name="F:Po.Forms.Charting.ChartCollection.Series">
            <summary>
            All series of all charts. Must be added to the charts manually.
            </summary>
        </member>
        <member name="M:Po.Forms.Charting.ChartCollection.AddPointToSeries(System.Int32,System.Windows.Forms.DataVisualization.Charting.DataPoint)">
            <summary>
            Adds a point at the end of the series.
            </summary>
            <param name="seriesIndex">The series' index.</param>
            <param name="point">The point to add.</param>
        </member>
        <member name="M:Po.Forms.Charting.ChartCollection.AddPointToSeries(System.Int32,System.Double,System.Double)">
            <summary>
            Adds a point at the end of the series.
            </summary>
            <param name="seriesIndex">The series' index.</param>
            <param name="xValue">X value of the point.</param>
            <param name="yValue">Y value of the pointd.</param>
        </member>
        <member name="M:Po.Forms.Charting.ChartCollection.ClearSeries">
            <summary>
            Clears all series.
            </summary>
        </member>
        <member name="M:Po.Forms.Charting.ChartCollection.ClearSeriesRange(System.Int32,System.Int32)">
            <summary>
            Clears all series in the specified range.
            </summary>
            <param name="startIndex">First series to clear.</param>
            <param name="endIndex">Last series to clear.</param>
        </member>
        <member name="M:Po.Forms.Charting.ChartCollection.ClearSeriesMultiple(System.Int32[])">
            <summary>
            Clears the specified series.
            </summary>
            <param name="seriesIndexes">The series to clear.</param>
        </member>
        <member name="M:Po.Forms.Charting.ChartCollection.AddSeriesToChart(System.Int32,System.Int32,System.Boolean)">
            <summary>
            Adds series to chart.
            </summary>
            <param name="chartIndex">The target chart.</param>
            <param name="seriesIndex">The series to be added.</param>
            <param name="addChartReference">Adds chart reference to the series for automatic yAxis bounds if true.</param>
        </member>
        <member name="M:Po.Forms.Charting.ChartCollection.SetSeriesVisibility(System.Int32,System.Boolean)">
            <summary>
            Sets the series' visibility in charts.
            </summary>
            <param name="seriesIndex">The series' index.</param>
            <param name="visible">The series' visibility.</param>
        </member>
        <member name="M:Po.Forms.Charting.ChartCollection.#ctor(Po.Forms.Charting.ZoomableChart[])">
            <summary>
            Creates <see cref="T:Po.Forms.Charting.ChartCollection"/> instance and adds all given charts to the list.
            </summary>
            <param name="charts">The charts to be added.</param>
        </member>
        <member name="M:Po.Forms.Charting.ChartCollection.Add(Po.Forms.Charting.ZoomableChart)">
            <summary>
            Adds a chart to the end of the list.
            </summary>
            <param name="chart">The chart to be added.</param>
        </member>
        <member name="M:Po.Forms.Charting.ChartCollection.AddMultiple(Po.Forms.Charting.ZoomableChart[])">
            <summary>
            Adds multiple charts to the end of the list.
            </summary>
            <param name="args">The charts to be added.</param>
        </member>
        <member name="M:Po.Forms.Charting.ChartCollection.ResetZoom">
            <summary>
            Resets charts' zoom.
            </summary>
        </member>
        <member name="M:Po.Forms.Charting.ChartCollection.Reset">
            <summary>
            Resets charts' limits, zoom and clears all series.
            </summary>
        </member>
        <member name="M:Po.Forms.Charting.ChartCollection.UpdateCharts">
            <summary>
            Updates charts' bounds (limits).
            </summary>
        </member>
        <member name="M:Po.Forms.Charting.ChartCollection.SetStartTime(System.DateTime)">
            <summary>
            Sets the start time for all charts.
            </summary>
            <param name="startTime"></param>
        </member>
        <member name="M:Po.Forms.Charting.ChartCollection.SetZoomSpeedGlobal(System.Double)">
            <summary>
            Sets mouse wheel zoom speed for all charts. 1 to disable.
            </summary>
            <param name="zoomSpeed">Mouse wheel zoom speed. 1.15 default. 1 to disable.</param>
        </member>
        <member name="T:Po.Forms.Charting.ZoomableChart">
            <summary>
            <see cref="T:System.Windows.Forms.DataVisualization.Charting.Chart"/> class with added zoom functionality.
            </summary>
        </member>
        <member name="P:Po.Forms.Charting.ZoomableChart.StartTime">
            <summary>
            Start time for the secondary time axis.
            </summary>
        </member>
        <member name="P:Po.Forms.Charting.ZoomableChart.DatetimeAxisEnabled">
            <summary>
            Enables or disables the secondary time axis.
            </summary>
        </member>
        <member name="M:Po.Forms.Charting.ZoomableChart.SetAxisBounds(System.Windows.Forms.DataVisualization.Charting.AxisName,System.Windows.Forms.DataVisualization.Charting.DateTimeIntervalType,System.Double,System.Double)">
            <summary>
            Sets the specified bounds for the axis.
            </summary>
        </member>
        <member name="P:Po.Forms.Charting.ZoomableChart.AxisXIntervalCount">
            <summary>
            Interval count for xAxis.
            </summary>
        </member>
        <member name="P:Po.Forms.Charting.ZoomableChart.AxisYIntervalCount">
            <summary>
            Interval count for yAxis.
            </summary>
        </member>
        <member name="M:Po.Forms.Charting.ZoomableChart.SetAxisInterval(System.Windows.Forms.DataVisualization.Charting.AxisName,System.Double)">
            <summary>
            Sets the specified interval for the axis.
            </summary>
            <param name="axis">The axis for which the interval is set.</param>
            <param name="interval">0 to set to default.</param>
        </member>
        <member name="F:Po.Forms.Charting.ZoomableChart._zoomY2XRatio">
            <summary>
            xAxis / yAxis
            </summary>
        </member>
        <member name="P:Po.Forms.Charting.ZoomableChart.ZoomSpeed">
            <summary>
            Defines mouse wheel zoom speed. Set to 1 to disable it.
            </summary>
        </member>
        <member name="F:Po.Forms.Charting.ZoomableChart.GroupedCharts">
            <summary>
            Grouped charts whose zoom is updated whenever this chart is zoomed
            </summary>
        </member>
        <member name="M:Po.Forms.Charting.ZoomableChart.ResetZoom">
            <summary>
            Resets chart's zoom.
            </summary>
        </member>
        <member name="M:Po.Forms.Charting.ZoomableChart.UpdateZoom(System.Double,System.Double)">
            <summary>
            Updates chart's zoom by the xAxis.
            </summary>
            <param name="x_start"></param>
            <param name="x_size"></param>
        </member>
        <member name="M:Po.Forms.Charting.ZoomableChart.IsZoomed">
            <summary>
            Returns whether the chart is zoomed or not.
            </summary>
        </member>
        <member name="M:Po.Forms.Charting.ZoomableChart.#ctor">
            <summary>
            Initializes a new instance of <see cref="T:Po.Forms.Charting.ZoomableChart"/> class.
            </summary>
        </member>
        <member name="P:Po.Forms.Charting.ZoomableChart.ChartAreas">
            <summary>
            Gets a read-only <see cref="T:System.Windows.Forms.DataVisualization.Charting.ChartAreaCollection"/> object that is used to store <see cref="T:System.Windows.Forms.DataVisualization.Charting.ChartArea"/> objects.
            </summary>
        </member>
        <member name="P:Po.Forms.Charting.ZoomableChart.Legends">
            <summary>
            Gets or sets a <see cref="T:System.Windows.Forms.DataVisualization.Charting.LegendCollection"/> that stores all <see cref="F:Po.Forms.Charting.ZoomableChart.Legend"/> objects used by the <see cref="T:System.Windows.Forms.DataVisualization.Charting.Chart"/> control.
            </summary>
        </member>
        <member name="P:Po.Forms.Charting.ZoomableChart.Series">
            <summary>
            Gets a <see cref="T:System.Windows.Forms.DataVisualization.Charting.SeriesCollection"/> object, which contains <see cref="P:Po.Forms.Charting.ZoomableChart.Series"/> objects.
            </summary>
        </member>
        <member name="P:Po.Forms.Charting.ZoomableChart.AxisXIntervalType">
            <summary>
            Date time interval type for X axis.
            </summary>
        </member>
        <member name="F:Po.Forms.Charting.ZoomableChart.Area">
            <summary>
            The one and only <see cref="T:System.Windows.Forms.DataVisualization.Charting.ChartArea"/> the chart works in.
            </summary>
        </member>
        <member name="F:Po.Forms.Charting.ZoomableChart.Legend">
            <summary>
            The legend of the chart.
            </summary>
        </member>
        <member name="T:Po.Forms.Charting.Series">
            <summary>
            <see cref="T:System.Windows.Forms.DataVisualization.Charting.Series"/> class with added curve types.
            </summary>
        </member>
        <member name="M:Po.Forms.Charting.Series.#ctor">
            <summary>
            Initializes a new instance of the Forms.Series class.
            </summary>
        </member>
        <member name="M:Po.Forms.Charting.Series.#ctor(System.String)">
            <summary>
            Initializes a new instance of the <see cref="T:Po.Forms.Charting.Series"/> class with the specified series name.
            </summary>
        </member>
        <member name="M:Po.Forms.Charting.Series.#ctor(System.String,System.Windows.Forms.DataVisualization.Charting.SeriesChartType,System.Drawing.Color,System.Int32,System.Windows.Forms.DataVisualization.Charting.AxisType)">
            <summary>
            Initializes a new instance of the <see cref="T:Po.Forms.Charting.Series"/> class with the specified curve type, marker step and yAxisType.
            </summary>
        </member>
        <member name="F:Po.Forms.Charting.Series.Charts">
            <summary>
            The charts the series appears in.
            </summary>
        </member>
        <member name="M:Po.Forms.Charting.Series.SetCurveType(System.Windows.Forms.DataVisualization.Charting.SeriesChartType,System.Drawing.Color,System.Int32)">
            <summary>
            Sets the curve type of this series.
            </summary>
            <param name="type">The type of series.</param>
            <param name="color">The color of series.</param>
            <param name="step">The marker step. 0 to disable markers.</param>
        </member>
        <member name="T:Po.Forms.CueTextBox">
            <summary>
            <see cref="T:System.Windows.Forms.TextBox"/> class with added cue text functionality and other features.
            </summary>
        </member>
        <member name="M:Po.Forms.CueTextBox.#ctor">
            <summary>
            Initializes a new instance of <see cref="T:Po.Forms.CueTextBox"/> class.
            </summary>
        </member>
        <member name="P:Po.Forms.CueTextBox.OnlyAllowNumbers">
            <summary>
            Text box only allows numbers, can be with decimal point.
            </summary>
        </member>
        <member name="P:Po.Forms.CueTextBox.OnlyAllowDigits">
            <summary>
            Text box only allows digits, without decimal point.
            </summary>
        </member>
        <member name="P:Po.Forms.CueTextBox.CueText">
            <summary>
            Cue text.
            </summary>
        </member>
        <member name="M:Po.Forms.CueTextBox.WndProc(System.Windows.Forms.Message@)">
            <summary>
            Processes Windows messages.
            </summary>
            <param name="m"></param>
        </member>
        <member name="T:Po.Forms.Logging.Logger">
            <summary>
            Class for logging information throughout the entire application.
            </summary>
        </member>
        <member name="M:Po.Forms.Logging.Logger.#ctor(System.Windows.Forms.Form,System.Windows.Forms.TextBox)">
            <summary>
            Initializes a new <see cref="T:Po.Forms.Logging.Logger"/> instance.
            </summary>
            <param name="form">The default <see cref="T:System.Windows.Forms.Form"/> for this logger.</param>
            <param name="logBox">The default <see cref="T:System.Windows.Forms.TextBox"/> for this logger.</param>
        </member>
        <member name="F:Po.Forms.Logging.Logger.LogBoxDatePattern">
            <summary>
            Date pattern for logging to text box. Default: "[HH:mm:ss] "
            </summary>
        </member>
        <member name="F:Po.Forms.Logging.Logger.MessageDatePattern">
            <summary>
            Date pattern for logging to message box. Default: "[HH:mm:ss] "
            </summary>
        </member>
        <member name="F:Po.Forms.Logging.Logger.RecordDatePattern">
            <summary>
            Date pattern for logging to file. Default: "[HH:mm:ss] "
            </summary>
        </member>
        <member name="F:Po.Forms.Logging.Logger.LogNameDatePattern">
            <summary>
            Date pattern for log file name. Default: "[yyyy-MM-dd] "
            </summary>
        </member>
        <member name="F:Po.Forms.Logging.Logger.LogFileName">
            <summary>
            Log file name. Default: "Log.txt"
            </summary>
        </member>
        <member name="M:Po.Forms.Logging.Logger.SetDefaults(System.Windows.Forms.Form,System.Windows.Forms.TextBox)">
            <summary>
            Sets the default <see cref="T:System.Windows.Forms.Form"/> and <see cref="T:System.Windows.Forms.TextBox"/> for logging.
            </summary>
        </member>
        <member name="M:Po.Forms.Logging.Logger.SetDefaultForm(System.Windows.Forms.Form)">
            <summary>
            Sets the default <see cref="T:System.Windows.Forms.Form"/> for logging.
            </summary>
        </member>
        <member name="M:Po.Forms.Logging.Logger.SetDefaultLogBox(System.Windows.Forms.TextBox)">
            <summary>
            Sets the default <see cref="T:System.Windows.Forms.TextBox"/> for logging.
            </summary>
        </member>
        <member name="M:Po.Forms.Logging.Logger.Log(System.String)">
            <summary>
            Logs the given info to default <see cref="T:System.Windows.Forms.TextBox"/> and file.
            When calling from a different thread, use <see cref="M:Po.Forms.Logging.Logger.InvokeLog(System.String,System.Windows.Forms.TextBox,System.Windows.Forms.Form)"/> or its overloads.
            </summary>
        </member>
        <member name="M:Po.Forms.Logging.Logger.Log(System.String,System.Windows.Forms.TextBox)">
            <summary>
            Logs the given info to the given <see cref="T:System.Windows.Forms.TextBox"/> and file.
            </summary>
        </member>
        <member name="M:Po.Forms.Logging.Logger.InvokeLog(System.String)">
            <summary>
            Invokes the appending of the given info to default <see cref="T:System.Windows.Forms.TextBox"/> and file.
            </summary>
        </member>
        <member name="M:Po.Forms.Logging.Logger.InvokeLog(System.String,System.Windows.Forms.TextBox)">
            <summary>
            Invokes the appending of the given info to the given <see cref="T:System.Windows.Forms.TextBox"/> in the default <see cref="T:System.Windows.Forms.Form"/> and file.
            </summary>
        </member>
        <member name="M:Po.Forms.Logging.Logger.InvokeLog(System.String,System.Windows.Forms.TextBox,System.Windows.Forms.Form)">
            <summary>
            Invokes the appending of the given info to the given <see cref="T:System.Windows.Forms.TextBox"/> in the given <see cref="T:System.Windows.Forms.Form"/> and file.
            </summary>
        </member>
        <member name="M:Po.Forms.Logging.Logger.ShowMessage(System.String)">
            <summary>
            Pops a <see cref="T:System.Windows.Forms.MessageBox"/> with the given info and writes it to file.
            </summary>
        </member>
        <member name="M:Po.Forms.Logging.Logger.LogToFile(System.String)">
            <summary>
            Writes the given info to file.
            </summary>
        </member>
        <member name="M:Po.Forms.Logging.Logger.LogToFile(System.String,System.String@)">
            <summary>
            Writes the given info to file.
            </summary>
        </member>
        <member name="M:Po.Forms.UtilityExtensions.FocusWindow(System.Windows.Forms.Form)">
            <summary>
            Focuses the given <see cref="T:System.Windows.Forms.Form"/> window.
            </summary>
        </member>
    </members>
</doc>
